""""sw"""",""""ar"""",""""bg"""",""""ca"""",""""cs"""",""""da"""",""""de"""",""""el"""",""""en"""",""""en-GB"""",""""es-419"""",""""es"""",""""fi"""",""""fil"""",""""fr"""",""""hi"""",""""hr"""",""""hu"""",""""id"""",""""it"""",""""iw"""",""""ja"""",""""ko"""",""""lt"""",""""lv"""",""""nl"""",""""no"""",""""pl"""",""""pt-BR"""",""""pt-PT"""",""""ro"""",""""ru"""",""""sk"""",""""sl"""",""""sr"""",""""sv"""",""""th"""",""""tr"""",""""uk"""",""""vi"""",""""zh-CN"""",""""zh-TW"""",""""fa"""",""""pos"""",""""description"""",""""notes""""
"Muziki wa Google Play Bila Kikomo","","","","","","","","","","","","","","","","","","","","","","","","","","","","","","","","","","","","","","","","","","","noun","Google Play Music subscription service.",""
"","شاشة الخريطة","екран с карта","pantalla de mapa","náhled mapy","kortvindue","Kartenansicht","οθόνη χάρτη","map screen","map screen","pantalla de mapa","pantalla de mapa","karttanäkymä","screen ng mapa","écran de localisation","मानचित्र स्क्रीन","zaslon s kartom/početni zaslon","térképnézet","layar peta","schermata mappa","מסך מפה","マップ スクリーン","지도 화면","žemėlapio ekranas","kartes ekrāns","kaartscherm","kartvindu","ekran mapy","tela do mapa","ecrã de localização","ecranul hartă","экран карты","okno mapy","zaslon zemljevida","окно мапе","kartbild","หน้าจอแผนที่","harita ekranı","екран карти","màn hình bản đồ","地图屏幕","地圖畫面","","noun","[BM] The initial screen within Building Maker for selecting a city and then building to create",""
"","مصمم","автор на модели","modelador","modelář","modelmager","Modellentwickler","δημιουργός μοντέλου","modeler","modeller","modelador","modelador","mallintaja","taga-modelo","créateur de modèles","मॉडलर","modelar","modell készítője","pemodel","creatore di modelli","בונה מודלים","モデル作成者","모델 제작자","modeliuotojas","modelētājs","modelmaker","modellskaper","projektant","criador de modelos","criador de modelos","modelator","разработчик","modelár","modelar","моделар","modellerare","ผู้สร้างแบบจำลอง","modelci","дизайнер","nhà xây dựng mô hình","建模者","建模者","","noun","a person who creates models",""
"","الأشياء المحيطة المجمعة","околни обекти","entorn agrupat","doprovodné prvky","tætpakkede omgivelser","gebündelte Umgebung","περιλαμβάνεται ο περιβάλλων χώρος","bundled entourage","bundled entourage","entorno agrupado","entorno agrupado","ympäröivät kohteet","bundled na entourage","éléments environnants","बंडल किए गए प्रतिवेश","popratni elementi","kötegelt környezeti elemek","pengiring yang terikut","oggetti complementari","ארוזות הפמליה","周囲の環境","주변 사물","susieti aplinkos objektų modeliai","apkārtnes pakete","gebundelde entourage","medfølgende materiale","elementy otoczenia","elementos externos agrupados","elementos do espaço envolvente integrados","elemente înconjurătoare","объекты окружения","previazaný sprievod","priloženi elementi","груписани околни објекти","objekt i omgivningen","ตัวประกอบโมเดล","gruplanmış çevre","пов’язане оточення","đối tượng ngoại lai","周边事物","周遭物件","","noun","Refers to external features included with a model which are not relevant for that model. For example, this can refer to cars, trees or people which are included with a model of a building.",""
"","حجب/ احتجاب","закриване","oclusió","zastínění","okklusion","Verdeckung","φράξιμο","occlusion","occlusion","oclusión","oclusión","näköeste","nakaharang","obturation","अवरोधन","zaklonjenost","kitakarás","aral","ostruzione","מוסתר","影で見えない部分","차단","paslėpimas","aizsegums","afgedekt","blokkering","zasłanianie","obstrução","oclusão","obturare","преграждение","oklúzia","zakritje","заклањање","blockering","ภาพทางอากาศบางส่วนของสิ่งปลูกสร้าง","kapatma","загородження","(sự) bịt kín","遮挡图","遮蓋圖","","noun","[BM] Refers to aerial photos of a building not being complete because the building was hidden behind another building when the photos were taken. In most cases, photos of the obstructed building were taken at other angles. These photos might be applied during the photo texturing process when you create the 3D version of the building that obstructed the original building. The more adjacent buildings you create, the less occlusion.",""
"","راجع، مراجعة","преглеждам","revisar","zkontrolovat","gennemse","bewerten","επισκόπηση","review","review","revisar","revisar","arvostella","i-review","donner un avis","समीक्षा करें","ocijeniti","véleményez","ulasan","recensire","לבדוק","審査（する）","평가의견","peržiūrėti","sniegt atsauksmi","bespreking","","opinia","analisar","rever","a consulta","оценить","recenzovať","pregledati","прегледати","granska","ตรวจสอบ","incelemek","переглянути","đánh giá","评价","評論","","verb","To review existing ratings for a model or collection.",""
"Masasisho","","","","","","","","","","","","","","","","","","","","","","","","","","","","","","","","","","","","","","","","","","","noun","A section, or tab, of the Gmail inbox that only contains personal, auto-generated updates including confirmations, receipts, bills, and statements. Please use existing TC translations where possible. We will run a clean up post-naming if needed.",""
"Zana ya Kutafsiri kutoka Google","","","","","","","","","","","","","","","","","","","","","","","","","","","","","","","","","","","","","","","","","","","noun","Google Translator Toolkit is a powerful and easy-to-use CAT tool designed to help translators edit the translations that Google Translate automatically generates.",""
"","تنزيل النموذج","изтеглям модела","baixa el model","stáhnout model","download model","Modell herunterladen","λήψη μοντέλου","download model","download model","descargar modelo","descargar modelo","","i-download ang modelo","télécharger le modèle","मॉडल डाउनलोड करें","preuzmi model","modellt letölt","unduh model","","להוריד מודל","モデルをダウンロード（する）","모델을 다운 받다","atsisiųsti modelį","lejupielādēt modeli","model downloaden","laste ned modell","pobierz model","fazer download","transferir modelo","a descărca modelul","загрузить модель","stiahnuť model","prenesti model","преузети модел","hämta modell","ดาวน์โหลดแบบจำลอง","modeli indirmek","завантажити модель","tải xuống mô hình","下载模型","下載模型","","verb","Initiates download of a 3D model. May allow the user to select a file type for download (i.e., skp, kmz, Collada).",""
"","","","","","","","","","","","","hydroninen","","","","","","","","","","","","","","","","","","","","","","","","","","","","","","","noun","",""
"Hali ya ndege","","","","","","","","","","","","","","","","","","","","","","","","","","","","","","","","","","","","","","","","","","","noun","A device setting for turning off all wireless radios on the device so that it can be used while on board an aircraft.",""
"","تقييم","оценка","puntuació","hodnocení","bedømmelse","Bewertung","αξιολόγηση","rating","rating","clasificación","clasificación","tähtiluokitus","rating","note","रेटिंग","ocjena","besorolás","peringkat","valutazione","דירוג","評価","등급","reitingas","vērtējums","score","rangering","ocena","classificação","classificação","evaluare","оценка","hodnotenie","ocena","оцена","betyg","คะแนน","derecelendirme","рейтинг","xếp hạng","评分","評分","","noun","Models and collections can be rated by users (star ratings)",""
"","صورة مائلة","скосено изображение","imatge obliqua","nakloněný snímek","skråtstillet billede","Schrägaufnahme","λοξή εικόνα","oblique image","oblique image","imagen oblicua","imagen oblicua","läpinäkymätön kuva","oblique na larawan","image oblique","तिरछी छवि","slika iz perspektive","ferde kép","citra miring","immagine obliqua","תמונה מוטה","斜めからの画像","경사 이미지","įžambus vaizdas","slīpleņķa attēls","zijdelingse afbeelding","skråbilde","zdjęcie skośne","imagem oblíqua","imagem oblíqua","imagine oblică","изображение под непрямым углом","naklonená snímka","poševna slika","слика под углом","bild med sned vinkel","ภาพถ่ายในแนวเอียง","eğik resim","зображення під непрямим кутом","hình ảnh nghiêng","斜面图像","斜面圖像","","noun","[BM] An image taken from some angle other than parallel (standing over) or perpendicular (standing in front of) to the subject.",""
"","نقطة ثابتة","крепеж","restricció","fixace","fiksering","Fixierung","περιορισμός","constraint","constraint","restricción","restricción","kiinnitetty kulma","naka-constrain","contrainte","स्थिर बिंदु","fiksna točka","rögzítés","kendala","punto bloccato","מקובע / מעוגן / נקודת השתלה","固定","고정점","apribojimas","fiksēts punkts","beperking","fiksering","blokada","restrição","ponto fixo (ANT: ponto livre)","punct fix","фиксированная точка","fixačný bod","fiksna točka","фиксирана тачка","fixering","จุดยึด","sınırlama","фіксована точка","điểm cố định","固定点","固定點","","noun","[BM] A point of a block that has been placed on a specific location, such as the corner of a building, in a 2D image. Points that are placed at a specific location do not move when other points are moved and are said to be constrained. Points that are not fixed are unconstrained. The color of a block is orange when all points are unconstrained, and blue when at least one point is constrained.",""
"","النقر للحصول على خيارات السياق","кликване с десен бутон","clic contextual","kontextové kliknutí","højreklikke","Kontextklick","δεξί κλικ","context click","context click","clic contextual","hacer clic con el botón derecho del ratón","kontekstiklikkaus","pag-click sa konteksto","clic contextuel","प्रसंग क्लिक","objektni klik","jobb kattintás","klik konteks","clic contestuale","לחיצת הקשר","右クリック","컨텍스트 클릭","kontekstinis paspaudimas","konteksta klikšķis","contextklik","høyreklikke","kliknięcie ~","clique contextual","menu de contexto do botão direito do rato","clic contextual","контекстный клик","kontextové kliknutie","kontekstni klik","контекстуални клик","högerklick","คลิกดูบริบท","bağlam tıklaması","контекстний клік","nhấp chuột theo ngữ cảnh","右键点击","右鍵點擊","","noun","[BM] The action of clicking the right mouse button while the cursor is over an element on the screen such as a block.",""
"","KMZ","KMZ","KMZ","KMZ","KMZ","KMZ","ΚΜΖ","KMZ","KMZ","KMZ","KMZ","KMZ","KMZ","KMZ","KMZ","KMZ","KMZ","KMZ","KMZ","KMZ","KMZ","KMZ","KMZ","KMZ","KMZ","KMZ","KMZ","KMZ","KMZ","KMZ","KMZ","KMZ","KMZ","KMZ","KMZ","KMZ","KMZ","KMZ","KMZ","KMZ","KMZ","","noun","A compressed version of a KML file.",""
"","نقطة","точка","punt","bod","punkt","Punkt","σημείο τομής","point","point","punto","punto","piste","punto","point","बिंदु","sjecište","pont","titik","punto","נקודה","ポイント","교점","sankirtos vieta","punkts","punt","punkt","punkt","ponto","ponto","colț","точка","bod","točka","тачка","punkt","จุดตัด","nokta","точка","điểm","交点","交叉點","","noun","[BM] The intersection of two or more lines in a block",""
"","النقر للحصول على خيارات السياق","кликване с десен бутон","clic contextual","kontextové kliknutí","højreklikke","Kontextklick","δεξί κλικ","context click","context click","clic contextual","hacer clic con el botón derecho del ratón","kontekstiklikkaus","pag-click sa konteksto","clic contextuel","प्रसंग क्लिक","objektni klik","jobb kattintás","klik konteks","clic contestuale","לחיצת הקשר","右クリック","컨텍스트 클릭","kontekstinis paspaudimas","konteksta klikšķis","contextklik","høyreklikke","kliknięcie ~","clique contextual","menu de contexto do botão direito do rato","clic contextual","контекстный клик","kontextové kliknutie","kontekstni klik","контекстуални клик","högerklick","คลิกดูบริบท","bağlam tıklaması","контекстний клік","nhấp chuột theo ngữ cảnh","右键点击","右鍵點擊","","noun","[BM] The action of clicking the right mouse button while the cursor is over an element on the screen such as a block.",""
"","قالب حر الشكل","променливо блокче","bloc de forma lliure","univerzální blok","klods i frit format","Freiformblock","μπλοκ ελεύθερης μορφής","freeform block","free-form block","bloque de forma libre","bloque de forma libre","vapaamuotoinen kappale","freeform block","forme libre","मुक्त आकार ब्लॉक","blok nepravilnog oblika","szabad formájú tömb","blok bentuk bebas","blocco modellabile","בלוק ניתן לעיצוב","フリーフォーム ブロック","자유형 블록","laisvos formos blokas","brīvas formas bloks","blok met vrije vorm","friformsblokk","dowolna bryła","bloco livre (or bloco de forma livre)","bloco de forma livre","poliedru cu formă liberă","блок свободной формы","univerzálny blok","gradnik nepravilne oblike","блок прилагодљивог облика","friformsblock","บล็อกทรงอิสระ","serbest biçimli blok","блок довільної форми","khối tạo hình tự do","不规则砌块","自製建塊","","noun","[BM] A block allowing you to create free-form shapes by adding additional points",""
"","قوالب متقدمة","сложни блокчета","blocs avançats","komplexní bloky","avancerede klodser","erweiterte Blöcke","μπλοκ για προχωρημένους","advanced blocks","advanced blocks","bloques avanzados","bloques avanzados","tarkennetut kappaleet","advance na mga block","volumes complexes","उन्नत ब्लॉक","napredni blokovi","speciális tömbök","blok lanjutan","blocchi avanzati","בלוקים מתקדמים","その他のブロック","고급형 블록","išplėstiniai blokai","papildu bloki","geavanceerde blokken","avanserte blokker","bryły zaawansowane","blocos avançados","ferramentas avançadas","poliedre avansate","дополнительные блоки","komplexné bloky","napredni gradniki","напредни блокови","avancerade block","บล็อกสี่เหลี่ยมขั้นสูง","gelişmiş bloklar","додаткові блоки","khối nâng cao","高级砌块","進階建塊","","noun","[BM] all other tools. Currently there are only two advanced tools, the horizontal extrusion tool and the ramp tool. We called them advanced tools as they require more constraints to be set than other tools and do not have a common name for the menu stack - unlike the roof tools menu stack.",""
"Bila Kikomo","","","","","","","","","","","","","","","","","","","","","","","","","","","","","","","","","","","","","","","","","","","noun","Google Play Music subscription service.",""
"","جملون","фронтон покрив","gablet","štít","gavl","Giebel","αέτωμα","gable","gable","gablete","gablete","päätykomio","gable","fronton","तिकोनी छत","sedlasti krov","nyeregtető","pelana","tetto a due spioventi","גמלון","ゲーブル（切り妻）","박공 지붕","dvišlaitis","divslīpņu jumts","puntgevel","gavl","dach","frontão","telhado de duas águas","acoperiș triunghiular","фронтон","sedlová strecha","zatrep","забат","gavel","หน้าจั่ว","üçgen çatı","фронтон","đầu hồi","山墙","山形屋頂","","noun","[BM] a triangular prism shaped roof (two vertical sides)",""
"","قالب أفقي حر الشكل","хоризонтално променливо блокче","bloc de forma lliure horitzontal","","vandret klods i frit format","horizontaler Freiformblock","οριζόντιο μπλοκ ελεύθερης μορφής","horizontal freeform block","","bloque horizontal de forma libre","bloque horizontal de forma libre","vaakasuuntainen vapaamuotoinen kappale","horizontal na freeform block","forme horizontale libre","क्षैतिज मुक्त अवस्था ब्लॉक","vodoravni blok nepravilnog oblika","vízszintes szabad formájú tömb","blok bentuk bebas horizontal","blocco modellabile orizzontale","בלוק חופשי אנכי","","수평 자유형 블록","horizontalus laisvos formos blokas","horizontāls brīvas formas bloks","","horisontal friformsblokk","dowolna bryła w układzie poziomym","bloco livre horizontal","bloco de forma livre horizontal","poliedru orizontal cu formă liberă","","horizontálny univerzálny blok","vodoravni gradnik nepravilne oblike","хоризонталан блок прилагодљивог облика","vågrätt friformsblock","บล็อกทรงอิสระแนวนอน","serbest biçimli yatay blok","горизонтальний блок довільної форми","khối tạo hình tự do theo chiều ngang","水平不规则砌块","","","noun","A horizontal block allowing you to create free-form shapes by adding additional points",""
"","","","","","","","","","","","","","","","","","","","","","","","","","","","","","","","","","","","","","","","","","","افزایه","noun","Alternative spelling of plug-in. Software component that adds capabilities to a larger application. For example, a plug-in may allow a web browser to display a wider range of content than originally possible.",""
"sera ya programu","","","","","","","","","","","","","","","","","","","","","","","","","","","","","","","","","","","","","","","","","","","noun","Legal document which describes Google policies related to user's use of a product, example: AdSense Publishers participating in the AdSense programme are required to adhere to AdSense Program Policies. Failing to comply with the policies may lead to disabling ad serving to publisher's site and/or disabling the AdSense account at any time.",""
"","محاذاة","подравнявам","alinear","zarovnat","justere","ausrichten","ευθυγράμμιση","align","align","alinear","alinear","kohdistaa","i-align","aligner","संरेखित करें","poravnati","illeszt","sejajar(kan)","allinea","ליישר","配置（する）","정렬하다","lygiuoti","izlīdzināt","uitlijnen","rette inn","dopasowywać","alinhar","alinhar","a alinia","выровнять","zarovnať","poravnati","поравнати","passa in","ปรับแนว","hizalamak","вирівняти","căn chỉnh","对齐","對齊","","verb","[BM] act of aligning blocks to photos (use in a non technical). Building Maker works by providing a user with aerial photographs that we know the position of in 3D space. The user created blocks on the image and aligns the blocks to match each image. This way a 3D representation of the object can be formed. Look at this sample video to give you an insight: http:/go/buildingmakervideo",""
"Sheria na Masharti ya Google","","","","","","","","","","","","","","","","","","","","","","","","","","","","","","","","","","","","","","","","","","","noun","Legal document containing the rules that apply to a service. Please use the same translation in '[Google] Terms of Service', 'Terms of Service', 'Terms and Conditions,' and ' Terms of Use'.",""
"Kompyuta kibao","","","","","","","","","","","","","","","","","","","","","","","","","","","","","","","","","","","","","","","","","","","noun","A mobile computer, typically featuring a touchscreen for data input.",""
"","مجموعة","колекция","col·lecció","sbírka","samling","Sammlung","συλλογή","collection","collection","colección","colección","kokoelma","koleksyon","collection","संग्रहण","zbirka","gyűjtemény","koleksi","raccolta","אוסף","コレクション","컬렉션","rinkinys","krājums","verzameling","samling","kolekcja","coleção","colecção","colecţie","коллекция","kolekcia","zbirka","колекција","samling","คอลเล็กชัน","koleksiyon","колекція","bộ sưu tập","模型集","模型集","","noun","A construct that allows a user to organize their models. Collections can be nested (e.g., World --> North America --> Colorado).",""
"","مسار النمذجة ثلاثية الأبعاد","Работна процедура при триизмерно моделиране","Creació de models en 3D","proces 3D modelování","Process for optagelse af 3D-modeller","Warteschlange für Überprüfung von 3D-Modellen","Κανάλι υποβολής τρισδιάστατων μοντέλων","3D modeling pipeline","3D modelling pipeline","Proceso de creación de modelos 3D","Creación de modelos 3D","3D-mallinnusprosessi","Pipeline ng pagmomodelo ng 3D","pipeline de modélisation 3D","3D मॉडलिंग पाइपलाइन","kanal za 3D modeliranje","3D modellezési folyamat","pemipaan model 3D","pipeline di modellazione 3D","תהליך להטמעת מודלים ב-3D","3D モデリング パイプライン","3D 모델링 파이프라인","3D modeliavimo struktūra","3D modelēšanas līnijas funkcija","3D-modelbouwproces","3D-modellinnsending","proces dodawania modeli 3D","Fluxo de Modelagem 3D","Pipeline de criação de modelos 3D","flux de lucru pentru modele 3D","other translations are also possible","predkladanie trojrozmerných modelov","postopek modeliranja 3D","процес за 3D моделирање","kanal för 3D-modeller","ช่องทางการส่งโมเดล 3 มิติ","3D modelleme süreci","процес подання й затвердження 3D-моделей","Kênh cung cấp mô hình 3D","3D建模管道","3D 建模管線服務","","noun","The process whereby an external user submits a digital 3D building model to Google that is then processed and reviewed for acceptance into Google Earth.",""
"","مصمم النماذج الجغرافية","автор на географски модели","modelador geogràfic","modelář geog","geografisk modelbygger","Geo-Modellentwickler","δημιουργός μοντέλου με γεωγραφικές πληροφορίες","geo-modeler","geo-modeller","modelador geográfico","modelador geográfico","maantieteellinen mallintaja","geo-modeler","géomodélisateur","भू-मॉडलर","geo-modelar","geomodellező","pemodel-geo","creatore di geomodelli","בונה מודלים גיאוגרפיים","ジオモデル作成者","지리 정보 모델 제작자","geografinių objektų modeliuotojas","ģeogrāfiska modeļa veidotājs","geomodelleerder","geomodelør","autor modeli geograficznych","criador de modelos geográficos","criador de modelos geográficos","modelator geografic","разработчик моделей","geo-modelár","geomodelar","географски моделар","geomodellerare","ผู้สร้างโมเดลภูมิศาสตร์","coğrafi modelci","розробник геомоделей","nhà xây dựng mô hình địa lý","地理建模者","地理建模者","","noun","A person who creates geo-models.",""
"","قالب سقف","покривно блокче","bloc de la teulada","střecha","tagklods","Dachblock","μπλοκ οροφής","roof block","roof block","bloque de tejado","bloque de tejado","kattokappale","bloke ng bubong","toiture","छत ब्लॉक","krovni blok","tetőtömb","blok atap","blocco tetto","בלוק גג","屋根ブロック","지붕 블록","stogo blokas","jumta bloks","dakblok","takblokk","bryły dachowe","bloco de telhado","bloco de telhado","acoperiș","блок крыши","strecha","strešni gradnik","блок крова","takblock","บล็อกหลังคา","çatı bloğu","блок даху","khối mái nhà","屋顶砌块","屋頂建塊","","noun","[BM] the overarching name for the roof block.",""
"","العرض","визуализатор","visualitzador","prohlížeč","visningsprogram","Ansicht","πρόγραμμα προβολής","viewer","viewer","visualizador","visor","esikatselu","viewer","visionneuse","दर्शक","preglednik","megjelenítő","penampil","visualizzatore","מציג","モデルを表示","뷰어","peržiūros priemonė","skatīšanās līdzeklis","viewer","visningsprogram","podgląd","visualizador","visualizador","ecran de vizualizare","средство просмотра","zobrazovač","pregledovalnik","приказивач","visningsprogram","โปรแกรมดูภาพ","görüntüleyici","засіб перегляду","trình xem","查看器","檢視器","","noun","[BM] A web version of Google Earth for viewing your Building Maker buildings.",""
"","سنام","скатен покрив","teulada a quatre aigües","valbová střecha","valmtag","Walmdach","κεκλιμένη σκεπή","hip","hip","techo a cuatro aguas","tejado a cuatro aguas","aumakatto","hip","ajouter une arête","हिप","skošeni krov","kontyolt tető","perisai","tetto a spigolo","גג משופע בכל הצדדים / מישור משופע / גג פירמידה","ヒップ（寄せ棟）","모임 지붕","keturšlaitis","četrslīpņu jumts","schilddak","valmtak","szczyt","espigão","telhado de quatro águas","acoperiş piramidal","вальма","valbová strecha","poševen zatrep","бок","valmtak","ทรงปั้นหยา","çatı kafesi","вальма","khe mái","屋脊","四坡屋頂","","noun","[BM] a roof tool (no vertical sides - all sides lean towards the middle)",""
"","التحرير","редактор","editor","editor","redigeringsværktøj","Bearbeiten","επεξεργασία","editor","editor","editor","editor","muokkausnäkymä","editor","éditeur","संपादक","radni prostor","szerkesztő","editor","editor","עורך","モデルを編集","편집기","redagavimo priemonė","redaktors","editor","redigeringsvindu","edytor","tela de edição","editor","editor","редактор","editor","urejevalnik","окно за измене","redigerare","ตัวแก้ไข","düzenleyici","редактор","trình chỉnh sửa","编辑器","編輯器","","noun","[BM] The second screen within Building Maker for creating and editing your building",""
"","KML","KML","KML","KML","KML","KML","KML","KML","KML","KML","KML","KML","KML","KML","KML","KML","KML","KML","KML","KML","KML","KML","KML","KML","KML","KML","KML","KML","KML","KML","KML","KML","KML","KML","KML","KML","KML","KML","KML","KML","KML","","noun","An XML grammar and file format for modeling and storing geographic features such as points, lines, images, polygons, and models for display in Google Earth and Google Maps.",""
"","خريطة Google للنماذج الثلاثية الأبعاد","Google Карта с триизмерни модели","Mapa de models 3D de Google","Mapa 3D modelů Google","Google 3D-modelkort","Google 3D-Modell-Karte","Χάρτης τρισδιάστατου μοντέλου Google","Google 3D Model Map","Google 3D Model Map","Mapa de modelos 3D de Google","Mapa de modelos 3D de Google","Google-mallinnekartta","Google 3D Model Map","modèle de carte Google 3D","Google 3D मॉडल मैप","Google karta 3D modela","Google 3D Modelltérkép","Model Peta 3D Google","mappa dei modelli 3D di Google","מפת Google 3DWeb","Google 3D モデルの地図","Google 3D 모델 지도","„Google“ 3D modelio žemėlapis","Google 3D modeļa karte","Google 3D Model Kaart","Google 3D-modellkart","mapa modeli 3D serwisu Google","Mapa de modelos em 3D do Google","Mapa de modelos 3D do Google","hartă modele 3D Google","Карта 3D-моделей Google","Google 3D Model Map","Google Zemljevid modelov 3D","Google 3D мапа модела","Google 3D-modellkarta","Google 3D Model Map","Google 3B Model Haritası","Карта 3D-моделей Google","Bản đồ Mô hình Google 3D","Google 3D 模型导览图","Google 3D 地圖模型","","noun","A map which displays the most recent, highest rated, or most popular models added to the 3D Warehouse.",""
"","قالب","блокче","bloc","blok","klods","Block","μπλοκ","block","block","bloque","bloque","kappale","bloke","volume","ब्लॉक","blok","tömb","blok","blocco","בלוק","ブロック","블록","blokas","bloks","blok","blokk","bryła (geometryczna)","bloco","bloco","poliedru","блок","blok","gradnik","блок","block","บล็อกสี่เหลี่ยม","blok","блок","khối","砌块","建塊","","noun","[BM] A 3 dimensional geometric shape used to represent some part of a building or structure. Often used in plural (blocks)",""
"","زخرفة بالصور","фототекстуриране","textura fotogràfica","texturování fotografiemi","billedstrukturering","Fototextur","προσθήκη υφής φωτογραφιών","photo texturing","photo texturing","textura fotográfica","textura fotográfica","valokuvapinta","pag-texture ng larawan","application de textures photo","फ़ोटो संरचना","postavljanje fotografske teksture","fénykép rászabása","penteksturan foto","texture foto","מרקם של תצלום","写真テクスチャ","사진 텍스처링","apipavidalinimas naudojant nuotrauką","fototekstūras izveide","fototextuur","fototekstur","nakładanie tekstur","texturização de foto","aplicação de texturas fotográficas","aplicare a texturii imagine","текстурирование фото","aplikácia/nanesenie fotografie (fotografií)","oblaganje s slikami","текстурисање сликама","strukturera bild","การกำหนดพื้นผิวด้วยภาพถ่าย","fotoğraf dokulandırma","текстурування фото","thêm hoạ tiết cho ảnh","照片纹理化","相片紋理化","","noun","[BM] The process of wrapping aerial images/photos on a building facade.",""
"","نموذج جغرافي","географски модел","model geogràfic","geografický model","geografisk model","Geo-Modell","μοντέλο με γεωγραφικές πληροφορίες","geo-model","geo-model","modelo geográfico","modelo geográfico","maantieteellinen mallinne","geo-model","Modèle géopositionné","भू-मॉडल","geo-model","geomodell","model-geo","geomodello","מודל גיאוגרפי","ジオモデル","지리 정보 모델","geografinio objekto modelis","ģeogrāfisks modelis","geomodel","geomodell","model geograficzny","modelo geográfico","modelo geográfico","model geografic","модель","geografický model","geomodel","географски модел","geomodell","โมเดลภูมิศาสตร์","coğrafi model","геомодель","mô hình địa lý","地理模型","地理模型","","noun","Mathematical representation of a geographical object.",""
"Baraza","","","","","","","","","","","","","","","","","","","","","","","","","","","","","","","","","","","","","","","","","","","noun","A section, or tab, of the Gmail inbox that only contains messages from online groups, discussion boards, and mailing lists. Please use existing TC translations where possible. We will run a clean up post-naming if needed.",""
"Google Tafsiri","","","","","","","","","","","","","","","","","","","","","","","","","","","","","","","","","","","","","","","","","","","noun","Google's free online multilingual statistical machine-translation service that instantly translates text and web pages. See: translate.google.com",""
"","","","","","","","","","","","","","","","","","","","","","","","","","","","","","","","","","","","","","","","","","","کمک‌های جنبی","noun","Feature name. Assists automatically suggests items for a user when using the Quick Create option in Calendar. With Assists, Calendar suggests titles, people and places as a user creates an event.",""
"","عناصر ذات صلة","сродни елементи","elements relacionats","související položky","relaterede elementer","verwandte Elemente","σχετικά στοιχεία","related items","related items","elementos relacionados","elementos relacionados","aiheeseen liittyvät","kaugnay na mga bagay","à découvrir également","संबंधित आइटम","srodne stavke","kapcsolódó elemek","butir terkait","elementi correlati","פריטים קשורים","関連アイテム","관련 항목","susiję elementai","saistīti vienumi","gerelateeerde items","relaterte elementer","podobne elementy","itens relacionados","itens relacionados","elemente cu conţinut similar","похожие элементы","súvisiace položky","povezani elementi","сродне ставке","länkade modeller","รายการที่เกี่ยวข้อง","İlgili Öğeler","пов’язані об’єкти","các mục có liên quan","相关项","相關項目","","noun","Models and collections that are in some way related to the current item (model or collection).  For example, a model of a desk might be related to other models of desks, or a model of a desk lamp.",""
"Sherehe kwenye Hangout","","","","","","","","","","","","","","","","","","","","","","","","","","","","","","","","","","","","","","","","","","","noun","A Hangout video call between you and up to nine other people.",""
"Hangout Hewani","","","","","","","","","","","","","","","","","","","","","","","","","","","","","","","","","","","","","","","","","","","noun","Hangouts which are recorded and publicly broadcast.",""
"","نقطة ثابتة","крепеж","restricció","fixace","fiksering","Fixierung","περιορισμός","constraint","constraint","restricción","restricción","kiinnitetty kulma","naka-constrain","contrainte","स्थिर बिंदु","fiksna točka","rögzítés","kendala","punto bloccato","מקובע / מעוגן / נקודת השתלה","固定","고정점","apribojimas","fiksēts punkts","beperking","fiksering","blokada","restrição","ponto fixo (ANT: ponto livre)","punct fix","фиксированная точка","fixačný bod","fiksna točka","фиксирана тачка","fixering","จุดยึด","sınırlama","фіксована точка","điểm cố định","固定点","固定點","","noun","[BM] A point of a block that has been placed on a specific location, such as the corner of a building, in a 2D image. Points that are placed at a specific location do not move when other points are moved and are said to be constrained. Points that are not fixed are unconstrained. The color of a block is orange when all points are unconstrained, and blue when at least one point is constrained.",""
"","منحدر","скат","rampa","rampa","rampe","Schräge","ράμπα","ramp","ramp","rampa","rampa","ramppi","rampa","rampe","रैम्प","rampa","rézsű","tanjakan","rampa","רמפה","ランプ","경사면","nuožulnioji plokštuma","slīpne","hellend vlak","rampe","rampa","rampa","cunha","poliedru cu partea superioară înclinată","рампа","rampa","poševni okvir","рампа","ramp","กล่องที่เอียงลาดด้านบน","rampa","рампа","đường dốc","斜面体","斜面體","","noun","[BM] inclined top box",""
"","زخرفة","текстуриране","texturització","texturování","struktur","Texturierung","εφαρμογή υφής","texturing","texturing","texturado","textura","pintakuviointi","texturing","application d'une texture","संरचना करना","umetanje fotografija","mintázat","pembubuhan tekstur (NOUN","applicazione di una texture","עיצוב מרקם","テクスチャ","텍스처링","tekstūros kūrimas","tekstūras izveide","texturering","teksturering","teksturowanie","texturização","texturização","aplicare a texturii","создание текстуры","textúrovanie","teksturiranje","додавање текстура","struktur","สร้างพื้นผิว","doku oluşturma","накладання текстури","thêm hoạ tiết","纹理化","紋理化","","noun","Photo texturing allows you to apply photographs onto your model. This will improve your model, and make it realistic.",""
"unayewasiliana naye","","","","","","","","","","","","","","","","","","","","","","","","","","","","","","","","","","","","","","","","","","","noun","Noun. Contact person in your friend circle; more general term than friend.",""
"Mipasho","","","","","","","","","","","","","","","","","","","","","","","","","","","","","","","","","","","","","","","","","","","noun","The place where you see a real-time flow/feed of the content your circles are sharing with you and where can share information with specific circles of yours",""
"","قالب عمودي حر الشكل","вертикално променливо блокче","bloc de forma lliure vertical","","lodret klods i frit format","vertikaler Freiformblock","κάθετο μπλοκ ελεύθερης μορφής","vertical freeform block","","bloque vertical de forma libre","bloque vertical de forma libre","","vertical na freeform block","forme verticale libre","अनुलंब मुक्त अवस्था ब्लॉक","okomiti blok nepravilnog oblika","függőleges szabad formájú tömb","blok bentuk bebas vertikal","blocco modellabile verticale","בלוק חופשי אנכי","","수직 자유형 블록","vertikalus laisvos formos blokas","vertikāls brīvas formas bloks","","vertikal friformsblokk","dowolna bryła w układzie pionowym","bloco livre vertical","forma livre vertical","poliedru vertical cu formă liberă","","vertikálny univerzálny blok","navpični gradnik nepravilne oblike","вертикалан блок прилагодљивог облика","lodrätt friformsblock","บล็อกทรงอิสระแนวตั้ง","serbest biçimli dikey blok","вертикальний блок довільної форми","khối tạo hình tự do theo chiều dọc","垂直不规则砌块","","","noun","A vertical block allowing you to create free-form shapes by adding additional points",""
"","صورة رأسية","ортогонално изображение","imatge ortogonal","kolmý snímek","vinkelret billede","rechtwinkliges Bild","ορθογώνια εικόνα","orthogonal image","orthogonal image","imagen ortogonal","imagen ortogonal","perspektiivikuva","iskuwaladong (orthogonal) larawan","image orthogonale","लंबवत छवि","ortogonalna slika","merőleges kép","citra ortogonal","immagine ortogonale","תמונה אורתוגונלית","真上からの画像","직교 이미지","stačiakampis vaizdas","taisnstūra attēls","afbeelding uit rechte hoek","vinkelrett bilde","zdjęcie prostopadłe","imagem ortogonal","imagem ortogonal","imagine ortogonală","ортогональное изображение","kolmá snímka","ortogonalna slika","ортогонална слика","vinkelrät bild","ภาพถ่ายในแนวตั้งฉาก","dikey resim","ортогональне зображення","hình ảnh trực giao","正交图像","直角圖像","","noun","[BM] An image taken from a top down or parallel angle.",""
"Android Beam","","","","","","","","","","","","","","","","","","","","","","","","","","","","","","","","","","","","","","","","","","","noun","Feature for sending (beaming) app content from one NFC-capable device to another by holding the devices close together, typically back to back. For example, users can beam web pages, YouTube videos, contacts, and more by bringing the devices together and then touching the screen. The app determines what is beamed.",""
"","صورة جوية","въздушно изображение","imatge aèria","letecký snímek","luftfoto","Luftbild","αεροφωτογραφία","aerial image","aerial image","imagen aérea","imagen aérea","ilmakuva","panghimpapawid na larawan","image aérienne","आकाशीय छवि","slika iz ptičje perspektive","légi felvétel","foto udara","immagine aerea","צילום אווירי","鳥瞰写真","항공 사진","vaizdas iš lėktuvo","aerofotoattēls","luchtfoto","flyfoto","zdjęcie lotnicze","imagens aéreas","imagem aérea","imagine aeriană","изображение с воздуха","letecká snímka","slika iz zraka","слика из ваздуха","flygfoto","ภาพถ่ายทางอากาศ","havadan görüntü","зображення з повітря","ảnh chụp từ trên cao","航拍图","空照圖","","noun","[BM] Images (photos) taken from a plane.",""
"","هرم مسطح القمة","пирамида с плосък връх","piràmide plana","seříznutá pyramida","pyramide med flad top","Pyramidenstumpf","πυραμίδα με επίπεδη κορυφή","flat top pyramid","flat-top pyramid","pirámide truncada","pirámide plana","tasakärkinen pyramidi","flat top na pyramid","pyramide tronquée","समतल शीर्ष पिरामिड","krnja piramida","csonkagúla","piramida terpancung","tronco di piramide","פירמידה קטומה","フラットトップ ピラミッド","사각뿔대","piramidė su nukirsta viršūne","nošķelta piramīda","pyramide met afgevlakte punt","pyramide med flat topp","ścięta piramida","pirâmide truncada","pirâmide truncada","trunchi de piramidă","пирамида с плоской вершиной","zrezaná pyramída","piramida s ploščatim vrhom","пирамида са равним врхом","pyramid med platt topp","พีระมิดยอดตัด","kesik piramit","піраміда з пласкою вершиною","hình chóp cụt","四棱台","平頂錐體","","noun","[BM] Truncated pyramid (pyramid with the top cut off)",""
"","","","","","","","","","","","","esteettömyys","","","","","","","","","","","","","","","","","","","","","","","","","","","","","","","noun","",""
"","collada","collada","collada","collada","collada","COLLADA","collada","collada","collada","collada","collada","collada","collada","COLLADA","कोलाडा","collada","collada","collada","Collada","collada","Collada","collada","collada","collada","collada","collada","collada","collada","collada","collada","collada","collada","collada","collada","collada","collada","collada","collada","collada","collada","collada","","noun","An open standard XML format for exchange of 3D data.",""
"","قائمة السياق","контекстно меню","menú contextual","kontextová nabídka","genvejsmenu","Kontextmenü","μενού περιβάλλοντος","context menu","context menu","menú contextual","menú contextual","kontekstivalikko","menu ng konteksto","menu contextuel","प्रसंग मेनू","objektni izbornik","helyi menü","menu konteks","menu di scelta rapida","תפריט הקשר","コンテキスト メニュー","컨텍스트 메뉴","kontekstinis meniu","kontekstizvēlne","contextmenu","hurtigmeny","menu kontekstowe","menu contextual","menu de contexto","meniu contextual","контекстное меню","kontextová ponuka","kontekstni meni","контекстуални мени","snabbmeny","เมนูบริบท","bağlam menüsü","контекстне меню","trình đơn ngữ cảnh","上下文菜单","內容選單","","noun","[BM] A menu of items or commands available in a particular context, such as when a line or block is selected.",""
"","تحت الإنشاء","в процес на разработка","en desenvolupament","ve výstavbě","under opførelse","in Entwicklung","υπό κατασκευή","in development","in development","en desarrollo","en desarrollo","työn alla","kasalukuyang binubuo","en cours de développement","विकास में","u izgradnji","fejlesztés alatt","dalam pembangunan","in costruzione","בפיתוח","開発","개발 중인","vystoma","tiek izstrādāts","in ontwikkeling","under utvikling","projektowane","em construção","em desenvolvimento","în construcţie/dezvoltare","в разработке","vo vývoji","v razvoju","у развоју","under konstruktion","กำลังพัฒนา","yapım aşamasında","у процесі розробки","đang phát triển","开发中","開發中","","noun","Something which is being built, like cities/universities in development.",""
"","زخرفة","текстура","textura","textura","struktur","Textur","υφή","texture","texture","textura","textura","pintakuviointi","texture","texture","संरचना","tekstura","mintázat","tekstur","texture","מרקם","テクスチャ","텍스처","tekstūra","tekstūra","textuur","tekstur","tekstura","textura","textura","textură","текстура","textúra","tekstura","текстура","struktur","พื้นผิว","doku","текстура","hoạ tiết","纹理","紋理","","noun","bitmap image applied to a surface in computer graphics",""
"","مبنى","сграда","edifici","budova","bygning","Gebäude","κτίριο","building","building","edificio","edificio","rakennus","gusali","bâtiment","भवन","zgrada","épület","bangunan","edificio","מבנה","建物","건물","pastatas","ēka","gebouw","bygning","budynek","construção","edifício","clădire","строение","budova","zgradba","зграда","byggnad","สิ่งปลูกสร้าง","yapı","будівля","toà nhà","建筑物","建築物","","noun","[BM] A collection of blocks. This is how we define a building in the application. If a user has create more than one block we refer to the creation as a building. So if they are asked to save their work we ask them to save the building. Think of building as the type of model which can be created with Building Maker.",""
"","راجع، مراجعة","отзив","revisió","recenze","gennemse","Bewertung","επισκόπηση","review","review","revisión","revisión","arvostelu","review","avis","समीक्षा करें","recenzija","vélemény","ulasan","recensione","ביקורת","レビュー","평가의견","peržiūra","pārskats","bespreking","gjennomgå","opinia","revisão","revisão","recenzie","отзыв","posudok","mnenje","преглед","granska","ตรวจสอบ","inceleme/incelemek","перегляд","đánh giá","评价","評論","","noun","Users can review existing ratings for a model or collection",""
"","مكعب","кутийка","cub","kvádr","kasse","Kasten","κουτί","box","box","cubo","cubo","laatikko","kahon","cube","बॉक्स","pravokutnik","doboz","balok","parallelepipedo","תיבה","ボックス","직각 상자","dėžutė","taisnstūra paralēlskaldnis","vak","kube","prostopadłościan","caixa","paralelepípedo","paralelipiped","каркас","kváder","okvir","кутија","box","กล่อง","kutu","каркас","hộp","方块","方塊","","noun","[BM] name given to the rectangular prism tool.",""
"","هرم","пирамида","piràmide","pyramida","pyramide","Pyramide","πυραμίδα","pyramid","pyramid","pirámide","pirámide","pyramidi","pyramid","pyramide","पिरामिड","piramida","gúla","piramida","piramide","פירמידה","ピラミッド","사각뿔","piramidė","piramīda","pyramide","pyramide","piramida","pirâmide","pirâmide","piramidă","пирамида","pyramída","piramida","пирамида","pyramid","พีระมิด","piramit","піраміда","hình chóp","四棱锥","錐體","","noun","[BM] A rectangular based block where all sides are triangles and meet in a point",""
"Zana ya Kutafsiri","","","","","","","","","","","","","","","","","","","","","","","","","","","","","","","","","","","","","","","","","","","noun","Translator Toolkit is the short form of Google Translator Toolkit. Google Translator Toolkit is a powerful and easy-to-use CAT tool designed to help translators edit the translations that Google Translate automatically generates.",""
